footpath_id,start_lat,start_lon,end_lat,end_lon
29996,-37.79327234,144.9755068,-37.79436687,144.9753155
27665,-37.79615589,144.9705642,-37.79606117,144.9694167
